Series Name,Series Code,place,Country Code,2000,2001,2002,2003,2004,2005,2006,2007,2008,2009,2010,2011,2012,2013,2014,2015,2016,2017
"Death rate, crude (per 1,000 people)",SP.DYN.CDRT.IN,Afghanistan,AFG,11.718,11.387,11.048,10.704,10.356,10.003,9.645,9.287,8.932,8.584,8.25,7.936,7.645,7.38,7.141,6.929,6.742,6.575
"Death rate, crude (per 1,000 people)",SP.DYN.CDRT.IN,Albania,ALB,5.914,5.879,5.891,5.952,6.061,6.206,6.365,6.518,6.65,6.756,6.841,6.915,6.996,7.096,7.219,7.367,7.534,7.714
"Death rate, crude (per 1,000 people)",SP.DYN.CDRT.IN,Algeria,DZA,4.961,4.882,4.814,4.757,4.71,4.674,4.651,4.639,4.637,4.643,4.656,4.67,4.685,4.699,4.709,4.715,4.717,4.717
"Death rate, crude (per 1,000 people)",SP.DYN.CDRT.IN,American Samoa,ASM,..,..,..,..,..,..,4,..,..,..,..,..,..,..,4.2,..,..,5.1
"Death rate, crude (per 1,000 people)",SP.DYN.CDRT.IN,Andorra,AND,..,..,..,..,3.8,3.6,3.3,2.8,2.8,3.2,2.8,..,3.9,..,..,..,4.3,..
"Death rate, crude (per 1,000 people)",SP.DYN.CDRT.IN,Angola,AGO,18.036,17.597,17.09,16.522,15.903,15.24,14.539,13.815,13.085,12.367,11.68,11.039,10.451,9.921,9.454,9.052,8.716,8.432
"Death rate, crude (per 1,000 people)",SP.DYN.CDRT.IN,Antigua and Barbuda,ATG,6.216,6.124,6.051,5.999,5.967,5.955,5.96,5.976,5.999,6.026,6.055,6.085,6.116,6.151,6.188,6.227,6.27,6.316
"Death rate, crude (per 1,000 people)",SP.DYN.CDRT.IN,Argentina,ARG,7.845,7.83,7.815,7.802,7.788,7.775,7.762,7.749,7.735,7.722,7.708,7.694,7.68,7.665,7.651,7.638,7.626,7.616
"Death rate, crude (per 1,000 people)",SP.DYN.CDRT.IN,Armenia,ARM,8.575,8.612,8.697,8.824,8.986,9.168,9.346,9.502,9.621,9.699,9.739,9.753,9.761,9.774,9.796,9.823,9.849,9.862
"Death rate, crude (per 1,000 people)",SP.DYN.CDRT.IN,Aruba,ABW,6.971,7.022,7.084,7.154,7.233,7.32,7.418,7.527,7.648,7.78,7.918,8.061,8.205,8.347,8.488,8.627,8.765,8.907
"Death rate, crude (per 1,000 people)",SP.DYN.CDRT.IN,Australia,AUS,6.7,6.6,6.8,6.6,6.5,6.4,6.4,6.7,6.7,6.5,6.5,6.6,6.6,6.4,6.6,6.6,6.6,6.5
"Death rate, crude (per 1,000 people)",SP.DYN.CDRT.IN,Austria,AUT,9.6,9.3,9.4,9.5,9.1,9.1,9,9,9,9.3,9.2,9.1,9.4,9.4,9.2,9.6,9.2,9.5
"Death rate, crude (per 1,000 people)",SP.DYN.CDRT.IN,Azerbaijan,AZE,5.8,5.6,5.7,6,6,6.2,6.2,6.3,6,5.9,5.9,5.9,5.9,5.8,5.8,5.7,5.8,5.8
"Death rate, crude (per 1,000 people)",SP.DYN.CDRT.IN,"Bahamas, The",BHS,5.831,5.909,5.989,6.071,6.153,6.233,6.31,6.383,6.451,6.513,6.566,6.606,6.634,6.651,6.661,6.671,6.689,6.72
"Death rate, crude (per 1,000 people)",SP.DYN.CDRT.IN,Bahrain,BHR,2.835,2.763,2.688,2.615,2.545,2.483,2.43,2.388,2.357,2.337,2.327,2.324,2.326,2.331,2.337,2.346,2.355,2.368
"Death rate, crude (per 1,000 people)",SP.DYN.CDRT.IN,Bangladesh,BGD,6.883,6.717,6.574,6.444,6.322,6.205,6.092,5.987,5.892,5.807,5.734,5.673,5.625,5.589,5.565,5.549,5.539,5.533
"Death rate, crude (per 1,000 people)",SP.DYN.CDRT.IN,Barbados,BRB,7.553,7.609,7.677,7.753,7.835,7.921,8.009,8.099,8.19,8.279,8.368,8.454,8.54,8.625,8.708,8.789,8.865,8.936
"Death rate, crude (per 1,000 people)",SP.DYN.CDRT.IN,Belarus,BLR,13.5,14.1,14.8,14.5,14.3,14.5,14.2,13.7,13.8,14.1,14.5,14.3,13.4,13.2,12.8,12.6,12.6,12.6
"Death rate, crude (per 1,000 people)",SP.DYN.CDRT.IN,Belgium,BEL,10.2,10.1,10.2,10.3,9.7,9.9,9.6,9.5,9.8,9.6,9.7,9.4,9.8,9.8,9.3,9.8,9.5,9.6
"Death rate, crude (per 1,000 people)",SP.DYN.CDRT.IN,Belize,BLZ,5.826,5.66,5.476,5.293,5.123,4.976,4.856,4.76,4.685,4.631,4.597,4.582,4.58,4.588,4.603,4.624,4.65,4.681
"Death rate, crude (per 1,000 people)",SP.DYN.CDRT.IN,Benin,BEN,12.69,12.451,12.18,11.891,11.592,11.293,11.006,10.739,10.497,10.282,10.094,9.928,9.775,9.628,9.481,9.332,9.18,9.025
"Death rate, crude (per 1,000 people)",SP.DYN.CDRT.IN,Bermuda,BMU,8,7.2,6.7,7.2,6.8,7.1,7.1,7,6.8,7.2,7.3,6.6,6.5,6.8,7.6,7.4,8,7.8
"Death rate, crude (per 1,000 people)",SP.DYN.CDRT.IN,Bhutan,BTN,8.838,8.433,8.052,7.705,7.398,7.135,6.918,6.743,6.603,6.495,6.414,6.356,6.316,6.288,6.27,6.257,6.248,6.243
"Death rate, crude (per 1,000 people)",SP.DYN.CDRT.IN,Bolivia,BOL,9.409,9.159,8.925,8.706,8.5,8.306,8.12,7.941,7.769,7.604,7.448,7.304,7.175,7.062,6.966,6.89,6.834,6.795
"Death rate, crude (per 1,000 people)",SP.DYN.CDRT.IN,Bosnia and Herzegovina,BIH,8.289,8.341,8.437,8.565,8.722,8.899,9.086,9.271,9.446,9.606,9.747,9.87,9.981,10.088,10.194,10.305,10.427,10.563
"Death rate, crude (per 1,000 people)",SP.DYN.CDRT.IN,Botswana,BWA,13.535,13.83,13.951,13.872,13.588,13.103,12.44,11.658,10.817,9.965,9.146,8.391,7.713,7.122,6.634,6.259,6,5.834
"Death rate, crude (per 1,000 people)",SP.DYN.CDRT.IN,Brazil,BRA,6.189,6.149,6.114,6.083,6.057,6.037,6.022,6.016,6.017,6.027,6.045,6.071,6.106,6.147,6.195,6.25,6.311,6.378
"Death rate, crude (per 1,000 people)",SP.DYN.CDRT.IN,British Virgin Islands,VGB,..,..,..,..,..,..,..,..,..,..,..,..,..,..,..,..,..,..
"Death rate, crude (per 1,000 people)",SP.DYN.CDRT.IN,Brunei Darussalam,BRN,3.513,3.452,3.418,3.414,3.44,3.492,3.56,3.634,3.706,3.772,3.831,3.887,3.944,4.009,4.081,4.162,4.251,4.345
"Death rate, crude (per 1,000 people)",SP.DYN.CDRT.IN,Bulgaria,BGR,14.1,14,14.4,14.4,14.3,14.8,14.9,15,14.8,14.5,14.9,14.7,15,14.4,15.1,15.3,15.1,15.5
"Death rate, crude (per 1,000 people)",SP.DYN.CDRT.IN,Burkina Faso,BFA,15.539,15.197,14.801,14.354,13.863,13.336,12.785,12.225,11.672,11.141,10.645,10.195,9.789,9.426,9.105,8.823,8.571,8.341
"Death rate, crude (per 1,000 people)",SP.DYN.CDRT.IN,Burundi,BDI,15.005,14.407,13.814,13.248,12.722,12.239,11.791,11.36,10.936,10.519,10.113,9.728,9.373,9.052,8.767,8.517,8.3,8.106
"Death rate, crude (per 1,000 people)",SP.DYN.CDRT.IN,Cabo Verde,CPV,6.253,6.087,5.965,5.888,5.855,5.86,5.89,5.932,5.97,5.997,6.005,5.991,5.961,5.918,5.866,5.807,5.744,5.682
"Death rate, crude (per 1,000 people)",SP.DYN.CDRT.IN,Cambodia,KHM,9.426,8.983,8.553,8.153,7.792,7.479,7.214,6.991,6.802,6.644,6.512,6.401,6.308,6.228,6.159,6.099,6.051,6.017
"Death rate, crude (per 1,000 people)",SP.DYN.CDRT.IN,Cameroon,CMR,14.499,14.269,14,13.71,13.409,13.104,12.801,12.496,12.191,11.887,11.583,11.277,10.968,10.657,10.347,10.046,9.762,9.501
"Death rate, crude (per 1,000 people)",SP.DYN.CDRT.IN,Canada,CAN,7.1,7.1,7.1,7.1,7.1,7.1,7,7.1,7.2,7.1,7,7.1,7.1,7.2,7.3,7.4,7.4,7.5
"Death rate, crude (per 1,000 people)",SP.DYN.CDRT.IN,Cayman Islands,CYM,3.4,3.2,2.8,3.5,4.6,3.8,3.4,3,3,3.1,3,3.2,3.3,3.2,2.9,2.9,3.1,3.4
"Death rate, crude (per 1,000 people)",SP.DYN.CDRT.IN,Central African Republic,CAF,19.212,19.237,19.173,19.026,18.799,18.5,18.137,17.727,17.283,16.816,16.329,15.817,15.28,14.725,14.164,13.621,13.119,12.671
"Death rate, crude (per 1,000 people)",SP.DYN.CDRT.IN,Chad,TCD,17.732,17.574,17.391,17.177,16.928,16.636,16.295,15.909,15.489,15.047,14.598,14.161,13.752,13.38,13.053,12.77,12.527,12.309
"Death rate, crude (per 1,000 people)",SP.DYN.CDRT.IN,Channel Islands,CHI,8.945,8.835,8.735,8.636,8.534,8.431,8.331,8.24,8.162,8.098,8.046,8.002,7.963,7.925,7.89,7.858,7.833,7.817
"Death rate, crude (per 1,000 people)",SP.DYN.CDRT.IN,Chile,CHL,5.335,5.345,5.362,5.384,5.411,5.442,5.476,5.511,5.549,5.588,5.631,5.677,5.728,5.785,5.848,5.917,5.993,6.076
"Death rate, crude (per 1,000 people)",SP.DYN.CDRT.IN,China,CHN,6.45,6.43,6.41,6.4,6.42,6.51,6.81,6.93,7.06,7.08,7.11,7.14,7.15,7.16,7.16,7.11,7.09,7.11
"Death rate, crude (per 1,000 people)",SP.DYN.CDRT.IN,Colombia,COL,5.189,5.161,5.145,5.136,5.135,5.14,5.152,5.169,5.191,5.218,5.247,5.277,5.307,5.339,5.373,5.41,5.453,5.503
"Death rate, crude (per 1,000 people)",SP.DYN.CDRT.IN,Comoros,COM,9.501,9.445,9.384,9.31,9.217,9.099,8.954,8.79,8.614,8.429,8.244,8.065,7.897,7.744,7.608,7.491,7.389,7.298
"Death rate, crude (per 1,000 people)",SP.DYN.CDRT.IN,"Congo, Dem. Rep.",COD,15.955,15.531,15.052,14.554,14.055,13.573,13.12,12.694,12.295,11.926,11.587,11.273,10.978,10.696,10.424,10.164,9.919,9.691
"Death rate, crude (per 1,000 people)",SP.DYN.CDRT.IN,"Congo, Rep.",COG,12.891,12.674,12.355,11.951,11.48,10.966,10.435,9.912,9.42,8.974,8.582,8.241,7.937,7.659,7.406,7.18,6.987,6.828
"Death rate, crude (per 1,000 people)",SP.DYN.CDRT.IN,Costa Rica,CRI,3.959,3.993,4.035,4.083,4.138,4.197,4.26,4.325,4.39,4.456,4.521,4.587,4.654,4.722,4.791,4.862,4.933,5.005
"Death rate, crude (per 1,000 people)",SP.DYN.CDRT.IN,Cote d'Ivoire,CIV,14.989,15.044,15.021,14.92,14.743,14.492,14.174,13.806,13.407,12.994,12.58,12.176,11.787,11.417,11.076,10.769,10.5,10.262
"Death rate, crude (per 1,000 people)",SP.DYN.CDRT.IN,Croatia,HRV,11.2,11.2,11.4,11.8,11.2,11.656,11.341,11.798,11.8,11.8,11.8,11.9,12.1,11.8,12,12.9,12.3,13
"Death rate, crude (per 1,000 people)",SP.DYN.CDRT.IN,Cuba,CUB,7.165,7.182,7.204,7.228,7.256,7.291,7.34,7.406,7.491,7.597,7.721,7.862,8.015,8.175,8.338,8.502,8.665,8.827
"Death rate, crude (per 1,000 people)",SP.DYN.CDRT.IN,Curacao,CUW,..,..,..,..,..,..,8,7.9,8.6,7.9,8.4,8.5,8.2,8.1,8.8,8.8,9.3,8.9
"Death rate, crude (per 1,000 people)",SP.DYN.CDRT.IN,Cyprus,CYP,6.847,6.828,6.811,6.798,6.791,6.787,6.783,6.779,6.772,6.763,6.756,6.753,6.758,6.772,6.799,6.838,6.89,6.952
"Death rate, crude (per 1,000 people)",SP.DYN.CDRT.IN,Czech Republic,CZE,10.6,10.5,10.6,10.9,10.5,10.6,10.2,10.2,10.1,10.3,10.2,10.2,10.3,10.4,10,10.5,10.2,10.5
"Death rate, crude (per 1,000 people)",SP.DYN.CDRT.IN,Denmark,DNK,10.9,10.9,10.9,10.7,10.3,10.1,10.2,10.2,9.9,9.9,9.8,9.4,9.4,9.3,9.1,9.2,9.2,9.2
"Death rate, crude (per 1,000 people)",SP.DYN.CDRT.IN,Djibouti,DJI,10.227,10.198,10.158,10.094,10.001,9.881,9.744,9.601,9.458,9.314,9.156,8.966,8.735,8.462,8.157,7.842,7.545,7.293
"Death rate, crude (per 1,000 people)",SP.DYN.CDRT.IN,Dominica,DMA,..,..,7.2,..,..,..,7.5,..,..,..,8.3,..,..,..,8.2,..,9.6,..
"Death rate, crude (per 1,000 people)",SP.DYN.CDRT.IN,Dominican Republic,DOM,6.117,6.098,6.08,6.064,6.048,6.035,6.025,6.019,6.018,6.022,6.03,6.039,6.048,6.058,6.068,6.081,6.097,6.12
"Death rate, crude (per 1,000 people)",SP.DYN.CDRT.IN,Ecuador,ECU,5.182,5.131,5.091,5.062,5.042,5.033,5.032,5.037,5.047,5.059,5.072,5.082,5.089,5.094,5.096,5.096,5.098,5.101
"Death rate, crude (per 1,000 people)",SP.DYN.CDRT.IN,"Egypt, Arab Rep.",EGY,6.548,6.493,6.455,6.425,6.398,6.371,6.342,6.313,6.283,6.252,6.218,6.178,6.132,6.081,6.027,5.971,5.915,5.863
"Death rate, crude (per 1,000 people)",SP.DYN.CDRT.IN,El Salvador,SLV,6.772,6.736,6.711,6.701,6.705,6.72,6.742,6.769,6.797,6.824,6.848,6.87,6.891,6.913,6.935,6.959,6.984,7.011
"Death rate, crude (per 1,000 people)",SP.DYN.CDRT.IN,Equatorial Guinea,GNQ,13.686,13.406,13.148,12.906,12.677,12.455,12.232,12.005,11.771,11.526,11.273,11.014,10.753,10.496,10.245,10.002,9.768,9.542
"Death rate, crude (per 1,000 people)",SP.DYN.CDRT.IN,Eritrea,ERI,11.43,11.06,10.729,10.43,10.158,9.907,9.671,9.443,9.218,8.992,8.764,8.536,8.311,8.093,7.884,7.686,7.5,7.326
"Death rate, crude (per 1,000 people)",SP.DYN.CDRT.IN,Estonia,EST,13.2,13.3,13.3,13.2,13,12.8,12.9,13,12.5,12.1,11.9,11.5,11.7,11.6,11.8,11.6,11.7,11.8
"Death rate, crude (per 1,000 people)",SP.DYN.CDRT.IN,Eswatini,SWZ,14.877,15.989,16.965,17.753,18.308,18.586,18.566,18.28,17.773,17.08,16.233,15.266,14.226,13.171,12.153,11.235,10.462,9.843
"Death rate, crude (per 1,000 people)",SP.DYN.CDRT.IN,Ethiopia,ETH,14.024,13.498,12.938,12.35,11.741,11.126,10.517,9.932,9.383,8.883,8.441,8.06,7.734,7.455,7.218,7.017,6.844,6.691
"Death rate, crude (per 1,000 people)",SP.DYN.CDRT.IN,Faroe Islands,FRO,7.7,7.7,8.3,8.5,7.9,8.6,8.7,7.9,7.9,7.9,7.2,8,8.5,7.6,8.1,7.7,7.7,8.9
"Death rate, crude (per 1,000 people)",SP.DYN.CDRT.IN,Fiji,FJI,6.939,6.974,7.031,7.112,7.217,7.343,7.484,7.63,7.771,7.899,8.007,8.086,8.137,8.165,8.174,8.172,8.17,8.18
"Death rate, crude (per 1,000 people)",SP.DYN.CDRT.IN,Finland,FIN,9.5,9.4,9.5,9.4,9.1,9.1,9.1,9.3,9.2,9.3,9.5,9.4,9.6,9.5,9.6,9.6,9.8,9.8
"Death rate, crude (per 1,000 people)",SP.DYN.CDRT.IN,France,FRA,8.9,8.8,8.8,9.1,8.3,8.5,8.3,8.3,8.5,8.5,8.5,8.4,8.7,8.7,8.4,8.9,8.9,9.1
"Death rate, crude (per 1,000 people)",SP.DYN.CDRT.IN,French Polynesia,PYF,4.787,4.776,4.771,4.768,4.766,4.77,4.786,4.817,4.866,4.932,5.011,5.098,5.185,5.267,5.345,5.418,5.49,5.566
"Death rate, crude (per 1,000 people)",SP.DYN.CDRT.IN,Gabon,GAB,11.624,11.688,11.693,11.629,11.487,11.263,10.96,10.595,10.189,9.76,9.323,8.893,8.481,8.096,7.749,7.449,7.201,6.998
"Death rate, crude (per 1,000 people)",SP.DYN.CDRT.IN,"Gambia, The",GMB,11.256,10.978,10.711,10.454,10.207,9.973,9.753,9.547,9.356,9.179,9.014,8.863,8.723,8.59,8.46,8.329,8.191,8.044
"Death rate, crude (per 1,000 people)",SP.DYN.CDRT.IN,Georgia,GEO,11.68,11.801,11.921,12.054,12.204,12.369,12.542,12.711,12.863,12.992,13.088,13.146,13.168,13.158,13.121,13.062,12.992,12.918
"Death rate, crude (per 1,000 people)",SP.DYN.CDRT.IN,Germany,DEU,10.2,10.1,10.2,10.3,9.9,10.1,10,10.1,10.3,10.4,10.5,10.6,10.8,11.1,10.7,11.3,11.1,11.3
"Death rate, crude (per 1,000 people)",SP.DYN.CDRT.IN,Ghana,GHA,10.402,10.292,10.131,9.93,9.698,9.446,9.192,8.947,8.724,8.528,8.359,8.211,8.072,7.935,7.798,7.663,7.533,7.414
"Death rate, crude (per 1,000 people)",SP.DYN.CDRT.IN,Gibraltar,GIB,..,..,..,..,..,..,..,..,..,..,..,..,..,..,..,..,..,..
"Death rate, crude (per 1,000 people)",SP.DYN.CDRT.IN,Greece,GRC,9.7,9.4,9.5,9.7,9.6,9.6,9.6,9.9,9.7,9.8,9.8,10,10.6,10.2,10.4,11.2,11,11.6
"Death rate, crude (per 1,000 people)",SP.DYN.CDRT.IN,Greenland,GRL,8,8.3,7.9,7.2,8.4,8.2,7.8,8,7.6,7.8,9,8.4,8,7.9,8.2,8.4,8.7,8.9
"Death rate, crude (per 1,000 people)",SP.DYN.CDRT.IN,Grenada,GRD,7.143,7.192,7.262,7.343,7.435,7.544,7.684,7.863,8.079,8.325,8.585,8.838,9.065,9.252,9.393,9.487,9.538,9.563
"Death rate, crude (per 1,000 people)",SP.DYN.CDRT.IN,Guam,GUM,4.544,4.562,4.584,4.607,4.631,4.658,4.688,4.724,4.766,4.814,4.864,4.915,4.963,5.007,5.047,5.085,5.123,5.166
"Death rate, crude (per 1,000 people)",SP.DYN.CDRT.IN,Guatemala,GTM,6.235,6.075,5.933,5.807,5.694,5.592,5.497,5.407,5.319,5.233,5.15,5.07,4.996,4.932,4.876,4.829,4.791,4.762
"Death rate, crude (per 1,000 people)",SP.DYN.CDRT.IN,Guinea,GIN,15.443,15.262,14.98,14.591,14.104,13.545,12.954,12.379,11.854,11.395,11.002,10.657,10.331,10.003,9.67,9.337,9.013,8.715
"Death rate, crude (per 1,000 people)",SP.DYN.CDRT.IN,Guinea-Bissau,GNB,15.031,14.698,14.371,14.05,13.734,13.417,13.095,12.765,12.427,12.084,11.741,11.404,11.082,10.779,10.499,10.244,10.014,9.805
"Death rate, crude (per 1,000 people)",SP.DYN.CDRT.IN,Guyana,GUY,7.638,7.536,7.445,7.371,7.317,7.279,7.251,7.226,7.199,7.171,7.143,7.123,7.117,7.13,7.162,7.213,7.283,7.365
"Death rate, crude (per 1,000 people)",SP.DYN.CDRT.IN,Haiti,HTI,11.279,11.134,10.983,10.823,10.652,10.474,10.292,10.113,9.943,9.782,9.629,9.48,9.333,9.185,9.037,8.893,8.759,8.638
"Death rate, crude (per 1,000 people)",SP.DYN.CDRT.IN,Honduras,HND,5.239,5.136,5.043,4.957,4.879,4.808,4.742,4.682,4.628,4.578,4.534,4.497,4.468,4.446,4.431,4.424,4.423,4.428
"Death rate, crude (per 1,000 people)",SP.DYN.CDRT.IN,"Hong Kong SAR, China",HKG,5.1,5,5.1,5.5,5.4,5.7,5.5,5.7,6,5.9,6,6,6.1,6,6.2,6.3,6.4,6.3
"Death rate, crude (per 1,000 people)",SP.DYN.CDRT.IN,Hungary,HUN,13.3,13,13.1,13.4,13.1,13.5,13.1,13.2,13,13,13,12.9,13,12.8,12.8,13.4,13,13.5
"Death rate, crude (per 1,000 people)",SP.DYN.CDRT.IN,Iceland,ISL,6.5,6.1,6.3,6.3,6.2,6.2,6.3,6.2,6.3,6.3,6.4,6.2,6.1,6.7,6.3,6.6,6.9,6.5
"Death rate, crude (per 1,000 people)",SP.DYN.CDRT.IN,India,IND,8.692,8.555,8.427,8.306,8.189,8.074,7.958,7.839,7.72,7.602,7.492,7.393,7.312,7.251,7.212,7.194,7.195,7.21
"Death rate, crude (per 1,000 people)",SP.DYN.CDRT.IN,Indonesia,IDN,7.475,7.461,7.432,7.38,7.303,7.203,7.087,6.965,6.849,6.744,6.653,6.579,6.518,6.471,6.437,6.419,6.418,6.433
"Death rate, crude (per 1,000 people)",SP.DYN.CDRT.IN,"Iran, Islamic Rep.",IRN,5.077,5.049,5.033,5.03,5.035,5.041,5.039,5.025,4.996,4.955,4.905,4.857,4.82,4.799,4.795,4.805,4.821,4.835
"Death rate, crude (per 1,000 people)",SP.DYN.CDRT.IN,Iraq,IRQ,5.627,5.616,5.627,5.653,5.686,5.716,5.728,5.716,5.677,5.608,5.514,5.401,5.281,5.164,5.057,4.965,4.889,4.826
"Death rate, crude (per 1,000 people)",SP.DYN.CDRT.IN,Ireland,IRL,8.2,7.8,7.5,7.3,7,6.8,6.7,6.4,6.3,6.3,6.1,6.2,6.3,6.4,6.3,6.4,6.4,6.3
"Death rate, crude (per 1,000 people)",SP.DYN.CDRT.IN,Isle of Man,IMN,..,..,11.5,..,..,9.8,..,9.8,..,..,..,..,..,..,..,..,..,..
"Death rate, crude (per 1,000 people)",SP.DYN.CDRT.IN,Israel,ISR,6,5.8,5.8,5.8,5.6,5.6,5.5,5.6,5.4,5.2,5.2,5.3,5.3,5.2,5.2,5.3,5.2,5.2
"Death rate, crude (per 1,000 people)",SP.DYN.CDRT.IN,Italy,ITA,9.8,9.6,9.8,10.2,9.5,9.8,9.6,9.8,9.9,10,9.9,10,10.3,10,9.8,10.7,10.1,10.7
"Death rate, crude (per 1,000 people)",SP.DYN.CDRT.IN,Jamaica,JAM,6.52,6.632,6.743,6.844,6.931,7.005,7.068,7.127,7.187,7.249,7.31,7.368,7.42,7.463,7.497,7.523,7.542,7.558
"Death rate, crude (per 1,000 people)",SP.DYN.CDRT.IN,Japan,JPN,7.7,7.7,8.1,8.4,8.05,8.53,8.53,8.71,9.1,9.1,9.5,9.9,10,10.1,10.1,10.3,10.5,10.8
"Death rate, crude (per 1,000 people)",SP.DYN.CDRT.IN,Jordan,JOR,4.129,4.08,4.037,3.999,3.967,3.939,3.914,3.891,3.869,3.849,3.832,3.818,3.809,3.805,3.806,3.813,3.826,3.843
"Death rate, crude (per 1,000 people)",SP.DYN.CDRT.IN,Kazakhstan,KAZ,10.06,9.95,10.05,10.41,10.14,10.37,10.27,10.22,9.74,8.88,8.95,8.72,8.54,8,7.65,7.46,7.37,7.15
"Death rate, crude (per 1,000 people)",SP.DYN.CDRT.IN,Kenya,KEN,12.621,12.489,12.197,11.759,11.196,10.544,9.848,9.158,8.516,7.948,7.467,7.07,6.73,6.428,6.161,5.928,5.734,5.582
"Death rate, crude (per 1,000 people)",SP.DYN.CDRT.IN,Kiribati,KIR,7.918,7.752,7.609,7.488,7.39,7.311,7.247,7.194,7.143,7.091,7.031,6.959,6.875,6.781,6.68,6.578,6.481,6.396
"Death rate, crude (per 1,000 people)",SP.DYN.CDRT.IN,"Korea, Dem. People's Rep.",PRK,9.076,8.911,8.734,8.615,8.576,8.614,8.698,8.778,8.82,8.818,8.781,8.727,8.683,8.671,8.696,8.76,8.856,8.97
"Death rate, crude (per 1,000 people)",SP.DYN.CDRT.IN,"Korea, Rep.",KOR,5.2,5.1,5.1,5.1,5.1,5.1,5,5,5,5,5.1,5.1,5.3,5.3,5.3,5.4,5.5,5.6
"Death rate, crude (per 1,000 people)",SP.DYN.CDRT.IN,Kosovo,XKX,7.1,7.1,7.1,7,6.9,7,6.9,6.9,6.9,6.9,6.9,6.9,6.9,6.9,6.9,6.9,6.9,6.9
"Death rate, crude (per 1,000 people)",SP.DYN.CDRT.IN,Kuwait,KWT,2.551,2.558,2.561,2.561,2.557,2.548,2.53,2.504,2.472,2.437,2.404,2.38,2.369,2.376,2.403,2.451,2.518,2.601
"Death rate, crude (per 1,000 people)",SP.DYN.CDRT.IN,Kyrgyz Republic,KGZ,7,6.6,7.1,7.1,6.9,7.2,7.4,7.2,7.1,6.7,6.6,6.5,6.5,6.1,6.1,5.8,5.5,5.4
"Death rate, crude (per 1,000 people)",SP.DYN.CDRT.IN,Lao PDR,LAO,9.827,9.497,9.193,8.912,8.651,8.408,8.181,7.967,7.765,7.574,7.394,7.225,7.07,6.93,6.803,6.691,6.593,6.508
"Death rate, crude (per 1,000 people)",SP.DYN.CDRT.IN,Latvia,LVA,13.6,14.1,14.1,14.2,14.2,14.6,14.9,15,14.2,14,14.3,13.9,14.3,14.3,14.3,14.4,14.6,14.8
"Death rate, crude (per 1,000 people)",SP.DYN.CDRT.IN,Lebanon,LBN,4.621,4.48,4.352,4.237,4.136,4.051,3.984,3.936,3.907,3.895,3.9,3.92,3.952,3.995,4.048,4.109,4.181,4.263
"Death rate, crude (per 1,000 people)",SP.DYN.CDRT.IN,Lesotho,LSO,16.21,17.244,18.209,19.054,19.734,20.204,20.433,20.434,20.236,19.858,19.325,18.669,17.936,17.177,16.433,15.75,15.157,14.656
"Death rate, crude (per 1,000 people)",SP.DYN.CDRT.IN,Liberia,LBR,14.973,14.532,14.053,13.512,12.913,12.276,11.637,11.036,10.501,10.044,9.662,9.338,9.046,8.763,8.485,8.213,7.957,7.729
"Death rate, crude (per 1,000 people)",SP.DYN.CDRT.IN,Libya,LBY,4.633,4.618,4.597,4.572,4.545,4.527,4.528,4.557,4.615,4.7,4.8,4.901,4.99,5.056,5.095,5.111,5.108,5.099
"Death rate, crude (per 1,000 people)",SP.DYN.CDRT.IN,Liechtenstein,LIE,7.3,6.6,6.4,6.4,5.7,6.2,6.3,6.4,5.8,6.4,6.6,6.8,6.1,6.7,7.2,6.7,7.2,6.6
"Death rate, crude (per 1,000 people)",SP.DYN.CDRT.IN,Lithuania,LTU,11.1,11.6,11.9,12,12.2,13.2,13.7,14.1,13.7,13.3,13.6,13.6,13.7,14,13.7,14.4,14.3,14.2
"Death rate, crude (per 1,000 people)",SP.DYN.CDRT.IN,Luxembourg,LUX,8.6,8.4,8.4,9,7.8,7.8,8,8.1,7.4,7.3,7.4,7.4,7.3,7,6.9,7,6.8,7.1
"Death rate, crude (per 1,000 people)",SP.DYN.CDRT.IN,"Macao SAR, China",MAC,3.853,3.83,3.811,3.794,3.78,3.766,3.75,3.73,3.709,3.687,3.668,3.657,3.657,3.671,3.7,3.743,3.8,3.866
"Death rate, crude (per 1,000 people)",SP.DYN.CDRT.IN,Madagascar,MDG,10.199,9.786,9.412,9.074,8.771,8.498,8.249,8.017,7.796,7.583,7.375,7.173,6.98,6.8,6.63,6.472,6.324,6.185
"Death rate, crude (per 1,000 people)",SP.DYN.CDRT.IN,Malawi,MWI,18.137,17.89,17.519,17.017,16.382,15.617,14.733,13.766,12.76,11.754,10.789,9.903,9.113,8.43,7.864,7.415,7.074,6.811
"Death rate, crude (per 1,000 people)",SP.DYN.CDRT.IN,Malaysia,MYS,4.528,4.511,4.501,4.499,4.505,4.52,4.541,4.565,4.591,4.619,4.649,4.683,4.722,4.767,4.818,4.877,4.942,5.014
"Death rate, crude (per 1,000 people)",SP.DYN.CDRT.IN,Maldives,MDV,4.635,4.423,4.246,4.102,3.985,3.889,3.809,3.738,3.671,3.603,3.529,3.445,3.353,3.256,3.157,3.058,2.965,2.883
"Death rate, crude (per 1,000 people)",SP.DYN.CDRT.IN,Mali,MLI,18.292,17.725,17.096,16.437,15.767,15.112,14.492,13.916,13.387,12.91,12.481,12.09,11.72,11.358,11.001,10.649,10.307,9.984
"Death rate, crude (per 1,000 people)",SP.DYN.CDRT.IN,Malta,MLT,7.5,7.4,7.6,7.9,7.5,7.8,7.9,7.6,7.9,7.8,7.3,7.8,8.1,7.6,7.5,7.7,7.3,7.6
"Death rate, crude (per 1,000 people)",SP.DYN.CDRT.IN,Marshall Islands,MHL,..,..,..,..,..,..,..,..,..,..,..,3.7,..,..,..,..,..,..
"Death rate, crude (per 1,000 people)",SP.DYN.CDRT.IN,Mauritania,MRT,9.286,9.244,9.189,9.121,9.039,8.943,8.835,8.717,8.593,8.464,8.33,8.191,8.047,7.9,7.751,7.606,7.468,7.339
"Death rate, crude (per 1,000 people)",SP.DYN.CDRT.IN,Mauritius,MUS,6.7,6.7,6.9,7,6.9,7,7.4,6.9,7.2,7.4,7.3,7.3,7.4,7.5,7.7,7.7,8.1,8
"Death rate, crude (per 1,000 people)",SP.DYN.CDRT.IN,Mexico,MEX,4.737,4.703,4.689,4.7,4.734,4.792,4.869,4.961,5.06,5.163,5.266,5.369,5.471,5.572,5.67,5.763,5.851,5.933
"Death rate, crude (per 1,000 people)",SP.DYN.CDRT.IN,"Micronesia, Fed. Sts.",FSM,7.704,7.655,7.614,7.589,7.579,7.572,7.552,7.503,7.417,7.297,7.15,6.991,6.839,6.709,6.611,6.549,6.526,6.534
"Death rate, crude (per 1,000 people)",SP.DYN.CDRT.IN,Moldova,MDA,11.715,11.729,11.759,11.815,11.894,11.979,12.042,12.059,12.018,11.922,11.788,11.642,11.513,11.424,11.386,11.398,11.452,11.528
"Death rate, crude (per 1,000 people)",SP.DYN.CDRT.IN,Monaco,MCO,..,..,..,..,15.9,..,..,..,..,..,..,..,..,..,..,7.6,7.9,..
"Death rate, crude (per 1,000 people)",SP.DYN.CDRT.IN,Mongolia,MNG,7.688,7.498,7.335,7.201,7.092,7.004,6.924,6.843,6.756,6.66,6.562,6.468,6.388,6.331,6.296,6.283,6.286,6.299
"Death rate, crude (per 1,000 people)",SP.DYN.CDRT.IN,Montenegro,MNE,9.746,9.875,9.978,10.069,10.152,10.223,10.273,10.293,10.283,10.25,10.21,10.18,10.177,10.208,10.276,10.372,10.484,10.592
"Death rate, crude (per 1,000 people)",SP.DYN.CDRT.IN,Morocco,MAR,6.341,6.246,6.13,5.998,5.852,5.701,5.559,5.436,5.339,5.269,5.225,5.199,5.181,5.163,5.142,5.118,5.093,5.072
"Death rate, crude (per 1,000 people)",SP.DYN.CDRT.IN,Mozambique,MOZ,16.462,16.09,15.734,15.396,15.072,14.755,14.436,14.099,13.735,13.336,12.89,12.387,11.832,11.24,10.628,10.025,9.463,8.964
"Death rate, crude (per 1,000 people)",SP.DYN.CDRT.IN,Myanmar,MMR,9.864,9.783,9.703,9.622,9.538,9.447,9.347,9.236,9.116,8.989,8.858,8.726,8.598,8.48,8.377,8.295,8.238,8.206
"Death rate, crude (per 1,000 people)",SP.DYN.CDRT.IN,Namibia,NAM,12.685,13.18,13.566,13.826,13.943,13.89,13.647,13.234,12.687,12.039,11.342,10.652,10.012,9.458,9.009,8.669,8.423,8.23
"Death rate, crude (per 1,000 people)",SP.DYN.CDRT.IN,Nauru,NRU,..,..,..,..,..,..,..,..,..,..,..,..,..,..,..,..,..,..
"Death rate, crude (per 1,000 people)",SP.DYN.CDRT.IN,Nepal,NPL,8.518,8.225,7.963,7.733,7.534,7.363,7.218,7.095,6.989,6.897,6.815,6.74,6.672,6.611,6.555,6.502,6.451,6.404
"Death rate, crude (per 1,000 people)",SP.DYN.CDRT.IN,Netherlands,NLD,8.8,8.7,8.8,8.7,8.4,8.4,8.3,8.1,8.2,8.1,8.2,8.1,8.4,8.4,8.3,8.7,8.7,8.8
"Death rate, crude (per 1,000 people)",SP.DYN.CDRT.IN,New Caledonia,NCL,5.1,5.2,5.1,5,4.9,4.9,4.7,5,4.8,5.1,4.8,5.2,5.1,5.2,5.2,5.4,5.7,5.5
"Death rate, crude (per 1,000 people)",SP.DYN.CDRT.IN,New Zealand,NZL,6.91,7.16,7.1,6.95,6.95,6.54,6.75,6.75,6.85,6.73,6.53,6.86,6.82,6.65,6.87,6.85,6.61,6.92
"Death rate, crude (per 1,000 people)",SP.DYN.CDRT.IN,Nicaragua,NIC,5.335,5.254,5.19,5.146,5.118,5.102,5.094,5.089,5.083,5.075,5.063,5.05,5.038,5.031,5.029,5.032,5.039,5.049
"Death rate, crude (per 1,000 people)",SP.DYN.CDRT.IN,Niger,NER,17.234,16.666,16.091,15.503,14.904,14.296,13.683,13.073,12.477,11.901,11.353,10.838,10.359,9.916,9.511,9.145,8.82,8.529
"Death rate, crude (per 1,000 people)",SP.DYN.CDRT.IN,Nigeria,NGA,17.895,17.675,17.397,17.063,16.682,16.267,15.836,15.409,15.002,14.622,14.27,13.942,13.623,13.307,12.994,12.686,12.39,12.114
"Death rate, crude (per 1,000 people)",SP.DYN.CDRT.IN,North Macedonia,MKD,8.302,8.373,8.47,8.595,8.743,8.905,9.067,9.215,9.339,9.437,9.511,9.566,9.616,9.669,9.73,9.801,9.88,9.965
"Death rate, crude (per 1,000 people)",SP.DYN.CDRT.IN,Northern Mariana Islands,MNP,..,..,..,..,..,..,..,..,..,..,..,..,..,..,4.3,..,..,..
"Death rate, crude (per 1,000 people)",SP.DYN.CDRT.IN,Norway,NOR,9.8,9.7,9.8,9.3,9,8.9,8.9,8.9,8.7,8.6,8.5,8.4,8.4,8.1,7.9,7.8,7.8,7.7
"Death rate, crude (per 1,000 people)",SP.DYN.CDRT.IN,Oman,OMN,3.518,3.413,3.319,3.233,3.153,3.079,3.011,2.95,2.894,2.843,2.794,2.745,2.695,2.643,2.592,2.542,2.498,2.462
"Death rate, crude (per 1,000 people)",SP.DYN.CDRT.IN,Pakistan,PAK,8.862,8.693,8.539,8.397,8.269,8.149,8.034,7.92,7.804,7.686,7.568,7.454,7.349,7.257,7.176,7.107,7.048,6.994
"Death rate, crude (per 1,000 people)",SP.DYN.CDRT.IN,Palau,PLW,6.5,7,6.7,6.7,6.9,6.7,7.2,7.5,8.4,8.5,8.1,8.3,9.4,10.9,9.5,7.7,9.9,10.3
"Death rate, crude (per 1,000 people)",SP.DYN.CDRT.IN,Panama,PAN,4.783,4.787,4.795,4.806,4.821,4.838,4.856,4.874,4.892,4.909,4.925,4.94,4.954,4.969,4.985,5.003,5.024,5.048
"Death rate, crude (per 1,000 people)",SP.DYN.CDRT.IN,Papua New Guinea,PNG,9.546,9.459,9.36,9.247,9.119,8.981,8.84,8.703,8.576,8.458,8.348,8.24,8.128,8.008,7.882,7.755,7.632,7.521
"Death rate, crude (per 1,000 people)",SP.DYN.CDRT.IN,Paraguay,PRY,5.511,5.465,5.428,5.403,5.39,5.387,5.391,5.398,5.404,5.407,5.408,5.407,5.406,5.407,5.412,5.422,5.44,5.465
"Death rate, crude (per 1,000 people)",SP.DYN.CDRT.IN,Peru,PER,5.485,5.427,5.383,5.353,5.332,5.319,5.311,5.305,5.302,5.3,5.299,5.299,5.302,5.309,5.324,5.348,5.386,5.438
"Death rate, crude (per 1,000 people)",SP.DYN.CDRT.IN,Philippines,PHL,5.432,5.442,5.453,5.461,5.466,5.469,5.478,5.497,5.529,5.572,5.623,5.674,5.719,5.754,5.78,5.798,5.815,5.839
"Death rate, crude (per 1,000 people)",SP.DYN.CDRT.IN,Poland,POL,9.6,9.5,9.4,9.6,9.5,9.6,9.7,9.9,10,10.1,9.9,9.9,10.1,10.2,9.9,10.4,10.2,10.6
"Death rate, crude (per 1,000 people)",SP.DYN.CDRT.IN,Portugal,PRT,10.2,10.1,10.2,10.4,9.7,10.2,9.7,9.8,9.9,9.9,10,9.7,10.2,10.2,10.1,10.5,10.7,10.7
"Death rate, crude (per 1,000 people)",SP.DYN.CDRT.IN,Puerto Rico,PRI,7.48,7.5,7.28,7.31,7.46,7.6,7.29,7.44,7.61,7.78,7.833,8,8.1,8.1,8.5,8.084,8.86,9.222
"Death rate, crude (per 1,000 people)",SP.DYN.CDRT.IN,Qatar,QAT,1.941,1.896,1.836,1.763,1.679,1.589,1.497,1.409,1.33,1.263,1.211,1.173,1.148,1.132,1.127,1.131,1.146,1.169
"Death rate, crude (per 1,000 people)",SP.DYN.CDRT.IN,Romania,ROU,11.4,11.7,12.4,12.4,12.1,12.3,12.2,12.1,12.3,12.6,12.8,12.5,12.7,12.4,12.8,13.2,13.1,13.4
"Death rate, crude (per 1,000 people)",SP.DYN.CDRT.IN,Russian Federation,RUS,17.1,17.3,18.2,18.4,18.1,18.6,17.4,16.7,16.7,16.3,16.1,15.2,14.8,14.5,14.5,14.4,14.2,13.7
"Death rate, crude (per 1,000 people)",SP.DYN.CDRT.IN,Rwanda,RWA,14,13.388,13.233,13.007,12.549,11.796,10.799,9.75,8.799,7.979,7.31,6.79,6.384,6.059,5.801,5.597,5.435,5.308
"Death rate, crude (per 1,000 people)",SP.DYN.CDRT.IN,Samoa,WSM,6.316,6.218,6.128,6.055,6,5.963,5.941,5.925,5.907,5.883,5.848,5.795,5.727,5.645,5.554,5.461,5.372,5.296
"Death rate, crude (per 1,000 people)",SP.DYN.CDRT.IN,San Marino,SMR,..,..,..,..,6.3,7.3,7.5,7.2,6,6.3,6.5,6.8,7.1,7.5,7.7,7.1,7.6,8.2
"Death rate, crude (per 1,000 people)",SP.DYN.CDRT.IN,Sao Tome and Principe,STP,9.054,8.672,8.282,7.895,7.52,7.167,6.844,6.551,6.287,6.053,5.848,5.669,5.509,5.364,5.232,5.111,5.002,4.908
"Death rate, crude (per 1,000 people)",SP.DYN.CDRT.IN,Saudi Arabia,SAU,3.691,3.647,3.614,3.591,3.575,3.561,3.546,3.53,3.51,3.488,3.464,3.441,3.422,3.41,3.407,3.412,3.426,3.446
"Death rate, crude (per 1,000 people)",SP.DYN.CDRT.IN,Senegal,SEN,10.752,10.508,10.212,9.878,9.516,9.137,8.749,8.363,7.987,7.632,7.305,7.013,6.753,6.522,6.319,6.141,5.985,5.845
"Death rate, crude (per 1,000 people)",SP.DYN.CDRT.IN,Serbia,SRB,13.8,13.2,13.7,13.9,14,14.3,13.88,13.92,13.97,14.2,14.2,14.2,14.2,14,14.2,14.6,14.3,14.8
"Death rate, crude (per 1,000 people)",SP.DYN.CDRT.IN,Seychelles,SYC,6.8,6.8,7.7,8.1,7.2,8.1,7.8,7.4,7.6,7.8,7.4,7.9,7.4,8,7.9,7.5,7.9,7.8
"Death rate, crude (per 1,000 people)",SP.DYN.CDRT.IN,Sierra Leone,SLE,23.594,22.736,21.83,20.914,20.014,19.146,18.312,17.503,16.716,15.961,15.25,14.597,14.008,13.483,13.025,12.63,12.294,12.003
"Death rate, crude (per 1,000 people)",SP.DYN.CDRT.IN,Singapore,SGP,4.5,4.3,4.4,4.5,4.4,4.4,4.4,4.5,4.4,4.3,4.4,4.5,4.5,4.6,4.7,4.8,4.8,5
"Death rate, crude (per 1,000 people)",SP.DYN.CDRT.IN,Sint Maarten (Dutch part),SXM,..,..,..,..,..,3.4,3.6,3.2,3.8,3.1,4.1,5.1,5.4,4.7,4.7,5.4,4.1,4.2
"Death rate, crude (per 1,000 people)",SP.DYN.CDRT.IN,Slovak Republic,SVK,9.8,9.7,9.6,9.7,9.7,10,9.9,10,9.9,9.8,9.9,9.6,9.7,9.6,9.5,9.9,9.6,9.9
"Death rate, crude (per 1,000 people)",SP.DYN.CDRT.IN,Slovenia,SVN,9.3,9.3,9.4,9.7,9.3,9.4,9.1,9.2,9.1,9.2,9.1,9.1,9.4,9.4,9.2,9.6,9.5,9.9
"Death rate, crude (per 1,000 people)",SP.DYN.CDRT.IN,Solomon Islands,SLB,5.561,5.449,5.348,5.258,5.179,5.107,5.039,4.972,4.902,4.829,4.752,4.672,4.592,4.516,4.444,4.38,4.326,4.284
"Death rate, crude (per 1,000 people)",SP.DYN.CDRT.IN,Somalia,SOM,15.489,15.186,14.934,14.694,14.451,14.199,13.935,13.667,13.4,13.135,12.869,12.601,12.331,12.06,11.793,11.534,11.289,11.062
"Death rate, crude (per 1,000 people)",SP.DYN.CDRT.IN,South Africa,ZAF,12.107,12.709,13.225,13.63,13.897,13.994,13.897,13.624,13.206,12.677,12.085,11.483,10.918,10.43,10.044,9.769,9.599,9.498
"Death rate, crude (per 1,000 people)",SP.DYN.CDRT.IN,South Sudan,SSD,16.075,15.704,15.319,14.915,14.493,14.055,13.608,13.166,12.742,12.344,11.984,11.669,11.399,11.171,10.983,10.826,10.694,10.574
"Death rate, crude (per 1,000 people)",SP.DYN.CDRT.IN,Spain,ESP,8.9,8.8,8.8,9.1,8.6,8.8,8.3,8.5,8.4,8.3,8.2,8.3,8.6,8.3,8.5,9.1,8.8,9.1
"Death rate, crude (per 1,000 people)",SP.DYN.CDRT.IN,Sri Lanka,LKA,6.89,6.552,6.236,5.989,5.831,5.766,5.779,5.832,5.896,5.961,6.02,6.076,6.135,6.204,6.282,6.368,6.459,6.554
"Death rate, crude (per 1,000 people)",SP.DYN.CDRT.IN,St. Kitts and Nevis,KNA,..,7.6,10.8,..,..,..,..,..,..,..,..,..,..,..,8.1,..,..,..
"Death rate, crude (per 1,000 people)",SP.DYN.CDRT.IN,St. Lucia,LCA,6.666,6.633,6.583,6.516,6.441,6.372,6.33,6.327,6.37,6.457,6.577,6.712,6.84,6.947,7.028,7.084,7.123,7.16
"Death rate, crude (per 1,000 people)",SP.DYN.CDRT.IN,St. Martin (French part),MAF,3.4,3.5,3.5,3.6,3.6,3.7,3.7,3.8,3.8,3.8,3.9,4,4,4,4.1,4.1,4.2,4.3
"Death rate, crude (per 1,000 people)",SP.DYN.CDRT.IN,St. Vincent and the Grenadines,VCT,7.248,7.273,7.281,7.277,7.268,7.269,7.295,7.357,7.46,7.606,7.79,8.004,8.234,8.462,8.678,8.87,9.032,9.162
"Death rate, crude (per 1,000 people)",SP.DYN.CDRT.IN,Sudan,SDN,10.263,10.047,9.829,9.61,9.39,9.17,8.951,8.734,8.521,8.315,8.122,7.946,7.788,7.649,7.53,7.428,7.34,7.261
"Death rate, crude (per 1,000 people)",SP.DYN.CDRT.IN,Suriname,SUR,7.453,7.469,7.461,7.428,7.372,7.3,7.22,7.144,7.081,7.038,7.017,7.019,7.039,7.071,7.114,7.164,7.219,7.277
"Death rate, crude (per 1,000 people)",SP.DYN.CDRT.IN,Sweden,SWE,10.5,10.5,10.6,10.4,10.1,10.2,10,10,9.9,9.7,9.6,9.5,9.7,9.4,9.2,9.3,9.2,9.1
"Death rate, crude (per 1,000 people)",SP.DYN.CDRT.IN,Switzerland,CHE,8.7,8.5,8.5,8.6,8.1,8.2,8.1,8.1,8,8.1,8,7.8,8,8,7.8,8.2,7.8,7.9
"Death rate, crude (per 1,000 people)",SP.DYN.CDRT.IN,Syrian Arab Republic,SYR,3.719,3.656,3.58,3.501,3.43,3.399,3.443,3.581,3.813,4.127,4.495,4.878,5.229,5.51,5.697,5.771,5.726,5.584
"Death rate, crude (per 1,000 people)",SP.DYN.CDRT.IN,Tajikistan,TJK,8.511,8.044,7.61,7.215,6.867,6.572,6.333,6.141,5.984,5.856,5.746,5.643,5.542,5.435,5.322,5.201,5.078,4.961
"Death rate, crude (per 1,000 people)",SP.DYN.CDRT.IN,Tanzania,TZA,13.808,13.356,12.882,12.408,11.945,11.496,11.053,10.605,10.146,9.68,9.212,8.751,8.305,7.887,7.503,7.161,6.868,6.622
"Death rate, crude (per 1,000 people)",SP.DYN.CDRT.IN,Thailand,THA,6.877,6.951,7.012,7.06,7.097,7.123,7.141,7.154,7.164,7.175,7.191,7.213,7.241,7.279,7.327,7.389,7.467,7.559
"Death rate, crude (per 1,000 people)",SP.DYN.CDRT.IN,Timor-Leste,TLS,10.366,9.886,9.418,8.944,8.467,8.001,7.569,7.194,6.892,6.664,6.505,6.401,6.332,6.276,6.225,6.169,6.109,6.05
"Death rate, crude (per 1,000 people)",SP.DYN.CDRT.IN,Togo,TGO,12.756,12.69,12.567,12.398,12.185,11.929,11.629,11.291,10.926,10.548,10.175,9.826,9.514,9.244,9.02,8.841,8.695,8.568
"Death rate, crude (per 1,000 people)",SP.DYN.CDRT.IN,Tonga,TON,6.862,6.879,6.896,6.918,6.947,6.982,7.024,7.068,7.109,7.147,7.179,7.205,7.225,7.239,7.245,7.24,7.223,7.194
"Death rate, crude (per 1,000 people)",SP.DYN.CDRT.IN,Trinidad and Tobago,TTO,7.598,7.604,7.608,7.614,7.622,7.635,7.652,7.673,7.7,7.732,7.77,7.815,7.866,7.925,7.993,8.07,8.159,8.261
"Death rate, crude (per 1,000 people)",SP.DYN.CDRT.IN,Tunisia,TUN,5.53,5.579,5.639,5.706,5.776,5.849,5.922,5.995,6.067,6.135,6.194,6.241,6.274,6.294,6.301,6.298,6.287,6.274
"Death rate, crude (per 1,000 people)",SP.DYN.CDRT.IN,Turkey,TUR,6.466,6.338,6.23,6.142,6.072,6.013,5.959,5.903,5.841,5.772,5.697,5.619,5.547,5.484,5.436,5.404,5.39,5.394
"Death rate, crude (per 1,000 people)",SP.DYN.CDRT.IN,Turkmenistan,TKM,7.771,7.715,7.66,7.601,7.536,7.467,7.399,7.337,7.285,7.245,7.214,7.189,7.167,7.145,7.122,7.098,7.076,7.057
"Death rate, crude (per 1,000 people)",SP.DYN.CDRT.IN,Turks and Caicos Islands,TCA,..,..,..,..,..,..,..,..,..,..,..,..,..,..,..,..,..,..
"Death rate, crude (per 1,000 people)",SP.DYN.CDRT.IN,Tuvalu,TUV,..,..,..,..,..,..,..,..,..,..,..,..,..,..,..,..,..,..
"Death rate, crude (per 1,000 people)",SP.DYN.CDRT.IN,Uganda,UGA,16.511,15.757,14.974,14.2,13.455,12.753,12.092,11.456,10.836,10.235,9.659,9.114,8.605,8.138,7.716,7.345,7.031,6.769
"Death rate, crude (per 1,000 people)",SP.DYN.CDRT.IN,Ukraine,UKR,15.4,15.3,15.7,16,16,16.6,16.2,16.4,16.3,15.3,15.2,14.5,14.5,14.6,14.7,14.9,14.7,14.5
"Death rate, crude (per 1,000 people)",SP.DYN.CDRT.IN,United Arab Emirates,ARE,1.869,1.816,1.763,1.71,1.658,1.605,1.555,1.508,1.467,1.431,1.403,1.382,1.369,1.363,1.366,1.377,1.398,1.429
"Death rate, crude (per 1,000 people)",SP.DYN.CDRT.IN,United Kingdom,GBR,10.3,10.2,10.2,10.2,9.7,9.6,9.4,9.4,9.4,9,8.9,8.7,8.9,9,8.8,9.2,9.1,9.2
"Death rate, crude (per 1,000 people)",SP.DYN.CDRT.IN,United States,USA,8.5,8.5,8.5,8.4,8.2,8.3,8.1,8,8.1,7.9,7.995,8.073,8.102,8.215,8.237,8.44,8.493,8.638
"Death rate, crude (per 1,000 people)",SP.DYN.CDRT.IN,Uruguay,URY,9.417,9.404,9.39,9.372,9.35,9.327,9.308,9.296,9.295,9.305,9.324,9.349,9.376,9.401,9.423,9.44,9.452,9.461
"Death rate, crude (per 1,000 people)",SP.DYN.CDRT.IN,Uzbekistan,UZB,5.5,5.3,5.4,5.3,5,5.4,5.3,5.1,5.1,4.8,4.8,4.9,4.9,4.8,4.9,4.9,4.9,5
"Death rate, crude (per 1,000 people)",SP.DYN.CDRT.IN,Vanuatu,VUT,6.118,5.999,5.885,5.781,5.692,5.621,5.571,5.541,5.526,5.523,5.526,5.529,5.527,5.514,5.489,5.45,5.396,5.334
"Death rate, crude (per 1,000 people)",SP.DYN.CDRT.IN,"Venezuela, RB",VEN,5.09,5.099,5.115,5.14,5.175,5.221,5.274,5.333,5.397,5.471,5.56,5.676,5.822,5.997,6.197,6.408,6.619,6.814
"Death rate, crude (per 1,000 people)",SP.DYN.CDRT.IN,Vietnam,VNM,5.651,5.642,5.639,5.64,5.644,5.651,5.664,5.686,5.718,5.759,5.81,5.867,5.93,5.994,6.06,6.126,6.19,6.253
"Death rate, crude (per 1,000 people)",SP.DYN.CDRT.IN,Virgin Islands (U.S.),VIR,6,5.6,5.7,5.8,5.8,6.1,5.8,6.7,6.7,6.6,6.6,6.6,6.7,6.9,7.1,7.3,7.5,7.7
"Death rate, crude (per 1,000 people)",SP.DYN.CDRT.IN,West Bank and Gaza,PSE,4.5,4.4,4.3,4.2,4.1,4,3.9,3.675,3.521,3.515,3.511,3.508,3.505,3.501,3.495,3.488,3.478,3.469
"Death rate, crude (per 1,000 people)",SP.DYN.CDRT.IN,"Yemen, Rep.",YEM,8.894,8.534,8.175,7.827,7.499,7.197,6.927,6.691,6.488,6.32,6.189,6.094,6.03,5.992,5.974,5.969,5.972,5.978
"Death rate, crude (per 1,000 people)",SP.DYN.CDRT.IN,Zambia,ZMB,17.929,17.395,16.743,16.007,15.211,14.376,13.51,12.625,11.736,10.869,10.051,9.304,8.637,8.055,7.565,7.169,6.864,6.633
"Death rate, crude (per 1,000 people)",SP.DYN.CDRT.IN,Zimbabwe,ZWE,16.534,17.057,17.48,17.788,17.954,17.91,17.586,16.964,16.066,14.942,13.679,12.384,11.167,10.115,9.277,8.673,8.286,8.044
"Death rate, crude (per 1,000 people)",SP.DYN.CDRT.IN,Arab World,ARB,6.44095917557407,6.34860953873927,6.26257421674705,6.17892324957462,6.09449171222654,6.00984956298096,5.92690549079323,5.84855668756672,5.78020753049118,5.72530025628249,5.68165740677503,5.64435324686684,5.60853392993795,5.57131094657708,5.5322352213141,5.49165625851344,5.45121782486498,5.41347317923475
"Death rate, crude (per 1,000 people)",SP.DYN.CDRT.IN,Caribbean small states,CSS,6.93970281101342,6.97705224277683,7.03251914598739,7.03291250292076,7.0571815686886,7.07913761994232,7.10449405714264,7.12411770561236,7.15326151540725,7.18843144347256,7.23920900553639,7.27175928850995,7.31663146933571,7.36112502904532,7.41773063042818,7.44826070298412,7.51322269331355,7.53914797610843
"Death rate, crude (per 1,000 people)",SP.DYN.CDRT.IN,Central Europe and the Baltics,CEB,11.0069233625195,11.0038623624526,11.1644498611445,11.3194437927004,11.1167788912576,11.3449858605434,11.2858738457596,11.3894110866263,11.3721251360797,11.434333580072,11.4294836462092,11.3167231657085,11.4967288607324,11.4105615229753,11.375115818527,11.8380895973408,11.6171630592915,11.976382689191
"Death rate, crude (per 1,000 people)",SP.DYN.CDRT.IN,Early-demographic dividend,EAR,8.01920978650374,7.91480152784619,7.81853791879993,7.72088139437854,7.61859680086258,7.51974794611742,7.41064496837004,7.29717210657499,7.18479195910454,7.0718196474641,6.96887436712252,6.87697768383072,6.79756283767191,6.73197175538659,6.68491624278139,6.65309823367663,6.63556997399468,6.63057634464268
"Death rate, crude (per 1,000 people)",SP.DYN.CDRT.IN,East Asia & Pacific,EAS,6.65701898807111,6.63396628449528,6.63963724043413,6.6409319820103,6.61922675064177,6.68919577018634,6.85183287849778,6.92523352646942,7.0132004715758,7.00776973470666,7.04000629382138,7.07533454701819,7.08343129280975,7.08660634678939,7.08885170295967,7.07149959542939,7.07858228084358,7.11419857259247
"Death rate, crude (per 1,000 people)",SP.DYN.CDRT.IN,East Asia & Pacific (excluding high income),EAP,6.64517469440186,6.62327560367859,6.5995989661951,6.58075649351525,6.58049161402003,6.62635545477114,6.81501638846783,6.87951050658811,6.95153878775585,6.9498974364168,6.95735447857541,6.96714659506244,6.96571998667445,6.96666624058626,6.96343712509287,6.93010090236071,6.92089124141649,6.94257282034149
"Death rate, crude (per 1,000 people)",SP.DYN.CDRT.IN,East Asia & Pacific (IDA & IBRD countries),TEA,6.61409491119332,6.59404409817816,6.57232118170193,6.55475106711659,6.55498406724051,6.60096541210564,6.79108879673252,6.85534415669952,6.92781675961179,6.92623638246488,6.9343040235707,6.94495174630243,6.94411705264855,6.94528453828163,6.94181256327575,6.9072133848258,6.89676504139603,6.91741124689067
"Death rate, crude (per 1,000 people)",SP.DYN.CDRT.IN,Euro area,EMU,9.60272764797993,9.47967255405937,9.55474412313143,9.75858092364481,9.23096529162581,9.43201861844142,9.23183941853276,9.31978275537839,9.40078300426692,9.41797677877405,9.42077739682353,9.42000901106737,9.7028320423329,9.66563509536034,9.47487500367176,10.0613514018654,9.84171851591119,10.1175824088875
"Death rate, crude (per 1,000 people)",SP.DYN.CDRT.IN,Europe & Central Asia,ECS,11.0821963695355,11.0120918440942,11.226645230019,11.3416245691812,10.980276060989,11.1860490096685,10.8344178011042,10.7415120555057,10.7343323587999,10.5615260738973,10.4956642159611,10.2603519638372,10.3057528750059,10.2010391906108,10.0865422404773,10.3579210713894,10.17727899724,10.2233438257971
"Death rate, crude (per 1,000 people)",SP.DYN.CDRT.IN,Europe & Central Asia (excluding high income),ECA,12.6600583027961,12.634789667378,13.0364318359096,13.1049927955468,12.8943825432127,13.1835248803372,12.6001534582416,12.2868369803257,12.2005947172268,11.8173652559375,11.6946143777483,11.2025799930053,10.9811489938504,10.7754437492581,10.7423237538197,10.6786811292755,10.5296887070116,10.303417199362
"Death rate, crude (per 1,000 people)",SP.DYN.CDRT.IN,Europe & Central Asia (IDA & IBRD countries),TEC,12.3103637981839,12.2965319864243,12.6676266550096,12.748203662862,12.5397012195033,12.8101897873472,12.3138663151749,12.0641878844213,12.0092512137441,11.7041273698739,11.5914429052783,11.1563698105222,10.9939883633554,10.8088274986892,10.7740666060464,10.7863813165496,10.629778496789,10.4851300692308
"Death rate, crude (per 1,000 people)",SP.DYN.CDRT.IN,European Union,EUU,9.9450757160091,9.84370125561733,9.93781582178343,10.1173656815042,9.65730774146017,9.84932142726144,9.67589055368986,9.75956816498749,9.81889804944738,9.84734430573907,9.84006789601666,9.81314159634529,10.0685600964442,10.0104624582156,9.85192627528965,10.3981599841333,10.1790541853714,10.4632694925648
"Death rate, crude (per 1,000 people)",SP.DYN.CDRT.IN,Fragile and conflict affected situations,FCS,13.2172484929977,13.0075461077172,12.7712663474523,12.5128098185053,12.2372494494322,11.9506530731405,11.6574130451069,11.3638354898895,11.0771455977934,10.8023227076433,10.5408510390654,10.2917579290084,10.0531733279164,9.82309887073603,9.60430570399194,9.39932107587278,9.21127885948417,9.04040519959212
"Death rate, crude (per 1,000 people)",SP.DYN.CDRT.IN,Heavily indebted poor countries (HIPC),HPC,14.0220583148802,13.6572812611171,13.2686334445341,12.857793530574,12.4293991971026,11.9903823119617,11.5469311526711,11.1065395052557,10.6766607446229,10.2642185781289,9.87469516567002,9.51117709290384,9.17278865317806,8.85926290595959,8.57185062864633,8.31265140917081,8.08279458119411,7.87969054715466
"Death rate, crude (per 1,000 people)",SP.DYN.CDRT.IN,High income,HIC,8.50621537212017,8.44566566766819,8.52382082765892,8.59418471414373,8.28774963108666,8.42697113915966,8.27326021117966,8.30115548041951,8.38461996376528,8.3009932562559,8.34805462490982,8.39038641175335,8.51218540630935,8.52887927009092,8.46761614211133,8.76556225931188,8.71900885918081,8.89590772320602
"Death rate, crude (per 1,000 people)",SP.DYN.CDRT.IN,IBRD only,IBD,7.70232964496622,7.65341030074788,7.64458045817561,7.61037148119523,7.55603395766227,7.56647562291735,7.56333775799698,7.52858124495534,7.51492365797016,7.4451914493586,7.3985138113375,7.3237967502179,7.27743671470532,7.23832925284788,7.21844204908677,7.19876607891864,7.18063338407172,7.18128944201796
"Death rate, crude (per 1,000 people)",SP.DYN.CDRT.IN,IDA & IBRD total,IBT,8.62450136088813,8.54241717154142,8.48959694697559,8.41054383922023,8.31022904568164,8.26052132599661,8.19500055430774,8.10324866847139,8.02947078597452,7.91296670448236,7.81901119683225,7.70779363903061,7.62127866691971,7.54232455843357,7.4823997175943,7.42525023393933,7.37315695140364,7.33952278413102
"Death rate, crude (per 1,000 people)",SP.DYN.CDRT.IN,IDA blend,IDB,12.5693639105579,12.4085774727701,12.2338720771081,12.0150934511652,11.7547503692096,11.5160650435749,11.22766738385,10.9272052425218,10.6415561274589,10.3470497195398,10.0825089260342,9.84338271041148,9.61608945698232,9.39634045523502,9.20256510980455,9.01869051682814,8.85290664091588,8.71091384525817
"Death rate, crude (per 1,000 people)",SP.DYN.CDRT.IN,IDA only,IDX,11.7672195103678,11.4777899840517,11.1852826473728,10.8784295190864,10.5608326595262,10.2414227348277,9.91958370940527,9.60055965129556,9.29348998252036,9.0012755582501,8.73107505765009,8.48136218213588,8.25128217868663,8.03528875662249,7.83856772721664,7.65769802079057,7.49553823674545,7.35202907184393
"Death rate, crude (per 1,000 people)",SP.DYN.CDRT.IN,IDA total,IDA,12.0351644724699,11.7885593328113,11.5351714820547,11.2573457124275,10.9585622202678,10.6658839258164,10.355206862826,10.0424376013423,9.74276168500962,9.45013508347791,9.1824996287347,8.93692817935289,8.70827723811111,8.49151441213768,8.29628100958959,8.11473077630493,7.95165531541164,7.80876237861818
"Death rate, crude (per 1,000 people)",SP.DYN.CDRT.IN,Late-demographic dividend,LTE,7.34465109636821,7.3215357624393,7.3602415384273,7.35730724469766,7.32529920310705,7.409937918564,7.50063094476905,7.52047004014319,7.5907013775585,7.56842269922908,7.5685310401602,7.52101284505911,7.50758526643525,7.49083346404344,7.49340329302116,7.47530648242534,7.45448074921089,7.45591129881657
"Death rate, crude (per 1,000 people)",SP.DYN.CDRT.IN,Latin America & Caribbean,LCN,5.96646506107113,5.9265611601767,5.89440890859876,5.87244973706411,5.86061110502179,5.8576546340377,5.8598871707264,5.87218348429312,5.89046938631756,5.91413285632319,5.94204192038851,5.97544367991759,6.0138770425439,6.05613635370282,6.10547655543345,6.15244156230222,6.20957830300126,6.26529239850813
"Death rate, crude (per 1,000 people)",SP.DYN.CDRT.IN,Latin America & Caribbean (excluding high income),LAC,5.95360897130005,5.91140464386711,5.87877304791973,5.85547141992886,5.84135834470962,5.83682713413293,5.84024019946008,5.85124759408354,5.86814909375979,5.8910985236245,5.9186970516227,5.95136279610403,5.98977591003615,6.03265817639501,6.08002078179282,6.13007485086275,6.18346287958723,6.23783216023378
"Death rate, crude (per 1,000 people)",SP.DYN.CDRT.IN,Latin America & the Caribbean (IDA & IBRD countries),TLA,5.92802393488668,5.88682418138537,5.85521310392725,5.83210942992854,5.81851538238167,5.81432139600946,5.81778908954144,5.82845750203086,5.84471451109751,5.8665801119019,5.89281343185195,5.92379546951367,5.96032849074391,6.00129003571563,6.04695576170893,6.09509629845624,6.14696063505438,6.20008036046246
"Death rate, crude (per 1,000 people)",SP.DYN.CDRT.IN,Least developed countries: UN classification,LDC,12.2859660995456,11.9698274907935,11.6450165163856,11.3099661320836,10.9664097044238,10.6178441285072,10.2675351033904,9.92089347573944,9.58287475557636,9.25829318709856,8.95182594139215,8.66633566957195,8.40222820465856,8.15970116103234,7.93981450627827,7.74340784478716,7.57101947622315,7.41993203943948
"Death rate, crude (per 1,000 people)",SP.DYN.CDRT.IN,Low & middle income,LMY,8.611409839023,8.52769433663175,8.47157346901442,8.38979197954398,8.29117072746499,8.23960029202865,8.17402832645174,8.08104703815802,8.00583658738848,7.8870457245097,7.79337910154149,7.68250074317313,7.59348718581472,7.51494578305087,7.45554490124144,7.39379062031887,7.34413766677372,7.30744717703006
"Death rate, crude (per 1,000 people)",SP.DYN.CDRT.IN,Low income,LIC,13.5874313105069,13.2081223119522,12.8146872994045,12.4079188017421,11.9909694759051,11.5705038775133,11.1520617561634,10.7430143094473,10.3511828464297,9.98398629041732,9.64566493896093,9.33623400073657,9.05147624982782,8.7878379091778,8.54409903278925,8.3206596926551,8.11811840483923,7.93463467929981
"Death rate, crude (per 1,000 people)",SP.DYN.CDRT.IN,Lower middle income,LMC,9.26656530582502,9.13098077363602,9.01040690364975,8.88182134245153,8.74140411104302,8.61896557966684,8.46776480291144,8.32446157527606,8.17946076108106,8.01781980122551,7.88485577142408,7.75253166001438,7.64533711135838,7.55153187857629,7.47562263905496,7.4149997013631,7.3628810302962,7.325385916523
"Death rate, crude (per 1,000 people)",SP.DYN.CDRT.IN,Middle East & North Africa,MEA,5.53544410079814,5.46575848404198,5.40752049135158,5.35457673150442,5.29894393898144,5.24961968942766,5.19941918731736,5.15532843746517,5.11215930448581,5.07780342395186,5.05412601867331,5.03798410332275,5.02138810774579,5.00179571795768,4.98383235112746,4.96719513677753,4.9450757736433,4.92601071085761
"Death rate, crude (per 1,000 people)",SP.DYN.CDRT.IN,Middle East & North Africa (excluding high income),MNA,5.75214314112142,5.68602942367245,5.62734548363109,5.57479982156094,5.52616626485069,5.48158540983918,5.44137291970035,5.4062247592158,5.3789781925806,5.36110447679472,5.34891314538736,5.33868140671609,5.3273334861074,5.31291739790305,5.29531039489053,5.27495289521782,5.25181311619752,5.22746392450521
"Death rate, crude (per 1,000 people)",SP.DYN.CDRT.IN,Middle East & North Africa (IDA & IBRD countries),TMN,5.7653830716021,5.69973687794735,5.64160907573612,5.58969549377952,5.54174673816598,5.49790550711467,5.4584918577211,5.42561010999108,5.39999299953249,5.38217567651016,5.37006454785451,5.35990515981161,5.34860144201694,5.33419095727916,5.31656691050257,5.29616595466005,5.27298338005405,5.24851682254077
"Death rate, crude (per 1,000 people)",SP.DYN.CDRT.IN,Middle income,MIC,8.17782668896844,8.11383730531338,8.08160931178795,8.02325207882289,7.94820801632322,7.92582267708882,7.88891400621923,7.82200299095133,7.773918623757,7.67644084604533,7.60454484740785,7.51148416224826,7.44061993281898,7.379677436959,7.33829356272875,7.29256106376385,7.25840620259387,7.23696949330664
"Death rate, crude (per 1,000 people)",SP.DYN.CDRT.IN,North America,NAC,8.36260924204353,8.3623312989584,8.36203540904655,8.2719351497803,8.09155509438568,8.18173706452562,7.99156760761696,7.91123180319938,8.01106492074777,7.82084655604144,7.89633678884222,7.97614719988798,8.00192411049815,8.11332828805251,8.14303156302988,8.33562703273225,8.38300889493301,8.52283771892159
"Death rate, crude (per 1,000 people)",SP.DYN.CDRT.IN,Not classified,INX,..,..,..,..,..,..,..,..,..,..,..,..,..,..,..,..,..,..
"Death rate, crude (per 1,000 people)",SP.DYN.CDRT.IN,OECD members,OED,8.14551163662169,8.0768481356976,8.12870214781081,8.18515674443893,7.91123766123983,8.03468676079711,7.91184441252181,7.94560245729476,8.02995540689373,7.96307639398701,8.01293253970313,8.05962731411907,8.17588304688822,8.20478056789588,8.14259817937014,8.41498525041667,8.37587166070453,8.53877751382928
"Death rate, crude (per 1,000 people)",SP.DYN.CDRT.IN,Other small states,OSS,10.951808726818,11.0614241523021,11.1439695013044,11.1475422262333,11.032887284662,10.8737141998409,10.6560630792067,10.3152408066985,9.95740705127765,9.57861693063491,9.19107101793094,8.82918958042645,8.51834361807712,8.21984777310121,7.96367701729033,7.72708185038248,7.55400445521914,7.3941380236361
"Death rate, crude (per 1,000 people)",SP.DYN.CDRT.IN,Pacific island small states,PSS,6.57940769399905,6.538812767492,6.50289159621719,6.48566799920191,6.48724031523155,6.49939109683543,6.52953166277725,6.56184403985287,6.59586178345326,6.61378668161981,6.61349891187294,6.5257878185122,6.57630258291636,6.54362244209093,6.47975032648414,6.41108645823396,6.37757448733858,6.34055635525019
"Death rate, crude (per 1,000 people)",SP.DYN.CDRT.IN,Post-demographic dividend,PST,9.08381799173696,9.01897352824425,9.12430872116918,9.20551304757096,8.88316637950969,9.05919776412245,8.88334802658134,8.91842569805665,9.00983268365577,8.8803773541813,8.94643914955159,8.97050017205683,9.09403109447007,9.11977940211221,9.05902173158136,9.37555092507637,9.31972005381043,9.49397724569814
"Death rate, crude (per 1,000 people)",SP.DYN.CDRT.IN,Pre-demographic dividend,PRE,15.0132216217063,14.7044719345439,14.3503709513741,13.9609028235077,13.545326575298,13.1132902456578,12.6735756908288,12.2343556259609,11.8034900384224,11.3872749500595,10.9905177909681,10.6155506883521,10.2596833667551,9.92315596929391,9.60883949184606,9.32013104770025,9.06070394304178,8.8300773313113
"Death rate, crude (per 1,000 people)",SP.DYN.CDRT.IN,Small states,SST,9.78843084707447,9.87570248476826,9.94556331175982,9.96636256763226,9.89913539150094,9.79976977781108,9.65466603795412,9.42902103587121,9.1851185932538,8.92262513347373,8.64924729556177,8.38566042512764,8.17165670802123,7.9569809227675,7.77184658800374,7.59731707689832,7.47701988904529,7.35829349597483
"Death rate, crude (per 1,000 people)",SP.DYN.CDRT.IN,South Asia,SAS,8.56050336232017,8.41035354002828,8.27159417071678,8.14198516817355,8.01908209325583,7.90037762160102,7.78298828831774,7.66493922921044,7.54798170501566,7.43274700543639,7.3248157812389,7.22691399189029,7.145092994043,7.08115975371035,7.0364208027732,7.00988696013168,6.99955924611655,7.00087591599698
"Death rate, crude (per 1,000 people)",SP.DYN.CDRT.IN,South Asia (IDA & IBRD),TSA,8.56050336232017,8.41035354002828,8.27159417071678,8.14198516817355,8.01908209325583,7.90037762160102,7.78298828831774,7.66493922921044,7.54798170501566,7.4327470054364,7.3248157812389,7.22691399189029,7.145092994043,7.08115975371035,7.0364208027732,7.00988696013168,6.99955924611655,7.00087591599698
"Death rate, crude (per 1,000 people)",SP.DYN.CDRT.IN,Sub-Saharan Africa,SSF,15.0049033846103,14.7579090650498,14.4631176022619,14.1199364515666,13.7321520949592,13.3073147327236,12.8535828705525,12.3831014492777,11.9129074482929,11.4533763424703,11.014259359231,10.6031778901948,10.2198101058259,9.86557579182474,9.54325481001147,9.25483054687525,9.00274147317103,8.78186037052638
"Death rate, crude (per 1,000 people)",SP.DYN.CDRT.IN,Sub-Saharan Africa (excluding high income),SSA,15.0207491579362,14.7729979505018,14.4769461610789,14.1326552690062,13.7441909466741,13.3181097509668,12.8627794639941,12.3921320779757,11.9205003780807,11.4597426828771,11.0199858179283,10.6080822894049,10.2239463162219,9.86891579177337,9.54581199710745,9.25697023713017,9.00396065393703,8.7828928387134
"Death rate, crude (per 1,000 people)",SP.DYN.CDRT.IN,Sub-Saharan Africa (IDA & IBRD countries),TSS,15.0049033846103,14.7579090650498,14.4631176022619,14.1199364515666,13.7321520949592,13.3073147327236,12.8535828705525,12.3831014492777,11.9129074482929,11.4533763424703,11.014259359231,10.6031778901948,10.2198101058259,9.86557579182474,9.54325481001147,9.25483054687525,9.00274147317103,8.78186037052638
"Death rate, crude (per 1,000 people)",SP.DYN.CDRT.IN,Upper middle income,UMC,7.22183004446425,7.2128632496868,7.25163654771826,7.24922665241851,7.22682526766701,7.28995688083897,7.35329230863243,7.35298570658742,7.39215955616369,7.35243168282818,7.33632311994723,7.27904154576478,7.24178770451633,7.21159859511593,7.20307231520782,7.17116578092079,7.15412183935428,7.14811946038794
"Death rate, crude (per 1,000 people)",SP.DYN.CDRT.IN,World,WLD,8.59246652607018,8.51302209945854,8.48085878688835,8.42588725651732,8.29057002269779,8.27231753172863,8.19126871281287,8.11910892437221,8.0710448088868,7.95795194266108,7.88786306599027,7.80222627879038,7.7479390783089,7.68437480274926,7.62368293687143,7.62032920152754,7.56984852006735,7.56652263036801
,,,,,,,,,,,,,,,,,,,,,
,,,,,,,,,,,,,,,,,,,,,
,,,,,,,,,,,,,,,,,,,,,
Data from database: World Development Indicators,,,,,,,,,,,,,,,,,,,,,
Last Updated: 05/25/2021,,,,,,,,,,,,,,,,,,,,,
